select from_unixtime(0);
from_unixtime(0)
1969-12-31 14:00:00
select from_unixtime(0, '%Y %D %M %h:%i:%s %x');
from_unixtime(0, '%Y %D %M %h:%i:%s %x')
1969 31st December 02:00:00 1970
select from_unixtime(0,NULL);
from_unixtime(0,NULL)
NULL
select from_unixtime(0,'%Y %D %M %h:%i:%s %x',"UTC");
from_unixtime(0,'%Y %D %M %h:%i:%s %x',"UTC")
1970 1st January 12:00:00 1970
select from_unixtime(0,NULL,"UTC");
from_unixtime(0,NULL,"UTC")
1970-01-01 00:00:00
set time_zone = "+04:00";
select from_unixtime(0);
from_unixtime(0)
1970-01-01 04:00:00
select from_unixtime(0, '%Y %D %M %h:%i:%s %x');
from_unixtime(0, '%Y %D %M %h:%i:%s %x')
1970 1st January 04:00:00 1970
select from_unixtime(0, NULL, "+04:00");
from_unixtime(0, NULL, "+04:00")
1970-01-01 04:00:00
select from_unixtime(0, '%Y %D %M %h:%i:%s %x',"+08:00");
from_unixtime(0, '%Y %D %M %h:%i:%s %x',"+08:00")
1970 1st January 08:00:00 1970
select from_unixtime(0, NULL,"+08:00");
from_unixtime(0, NULL,"+08:00")
1970-01-01 08:00:00
